symbol,_priceFormat,_priceFormatType,_tickSize,buyFillId,sellFillId,qty,buyPrice,sellPrice,pnl,boughtTimestamp,soldTimestamp,duration
MNQM5,2,0,0.25,1000,1001,1,20000.00,20002.00,$4.00,06/13/2025 13:00:15,06/13/2025 13:01:40,00:01:25
MNQM5,2,0,0.25,1001,1002,1,20001.00,20003.00,$4.00,06/13/2025 14:01:15,06/13/2025 14:02:40,00:01:25
MNQM5,2,0,0.25,1002,1003,1,20002.00,20004.00,$4.00,06/13/2025 15:02:15,06/13/2025 15:03:40,00:01:25
MNQM5,2,0,0.25,1003,1004,1,20003.00,20005.00,$4.00,06/13/2025 16:03:15,06/13/2025 16:04:40,00:01:25
MNQM5,2,0,0.25,1005,1006,1,20004.00,20006.00,$4.00,06/13/2025 17:04:15,06/13/2025 17:05:40,00:01:25
MNQM5,2,0,0.25,1007,1008,1,20005.00,20007.00,$4.00,06/13/2025 13:05:15,06/13/2025 13:06:40,00:01:25
MNQM5,2,0,0.25,1009,1010,1,20006.00,20008.00,$4.00,06/13/2025 14:00:15,06/13/2025 14:01:40,00:01:25
MNQM5,2,0,0.25,1011,1012,1,20007.00,20009.00,$4.00,06/13/2025 15:01:15,06/13/2025 15:02:40,00:01:25
MNQM5,2,0,0.25,1013,1014,1,20008.00,20010.00,$4.00,06/13/2025 16:02:15,06/13/2025 16:03:40,00:01:25
MNQM5,2,0,0.25,1015,1016,1,20009.00,20011.00,$4.00,06/13/2025 17:03:15,06/13/2025 17:04:40,00:01:25
MNQM5,2,0,0.25,1017,1018,1,20010.00,20012.00,$4.00,06/13/2025 13:04:15,06/13/2025 13:05:40,00:01:25
MNQM5,2,0,0.25,1019,1020,1,20011.00,20013.00,$4.00,06/13/2025 14:05:15,06/13/2025 14:06:40,00:01:25
MNQM5,2,0,0.25,1021,1022,1,20012.00,20014.00,$4.00,06/13/2025 15:00:15,06/13/2025 15:01:40,00:01:25
MNQM5,2,0,0.25,1023,1024,1,20013.00,20015.00,$4.00,06/13/2025 16:01:15,06/13/2025 16:02:40,00:01:25
MNQM5,2,0,0.25,1025,1026,1,20014.00,20016.00,$4.00,06/13/2025 17:02:15,06/13/2025 17:03:40,00:01:25
MNQM5,2,0,0.25,1027,1028,1,20015.00,20017.00,$4.00,06/13/2025 13:03:15,06/13/2025 13:04:40,00:01:25
MNQM5,2,0,0.25,1029,1030,1,20016.00,20018.00,$4.00,06/13/2025 14:04:15,06/13/2025 14:05:40,00:01:25
MNQM5,2,0,0.25,1031,1032,1,20017.00,20019.00,$4.00,06/13/2025 15:05:15,06/13/2025 15:06:40,00:01:25
MNQM5,2,0,0.25,1033,1034,1,20018.00,20020.00,$4.00,06/13/2025 16:00:15,06/13/2025 16:01:40,00:01:25
MNQM5,2,0,0.25,1035,1036,1,20019.00,20021.00,$4.00,06/13/2025 17:01:15,06/13/2025 17:02:40,00:01:25
