Account,Transaction ID,Timestamp,Date,Delta,Amount,Cash Change Type,Currency,Contract
APEX-12345,1001,2025-06-13T13:00:00Z,06/13/2025,-$1.04,4998.96,Commission,USD,MNQM5
APEX-12345,1002,2025-06-13T14:00:00Z,06/13/2025, -1.04,4997.92,Commission,USD,MNQM5
APEX-12345,1003,2025-06-13T15:00:00Z,06/13/2025,-1.04,4996.88,Commission,USD,MNQM5
APEX-12345,1004,2025-06-13T16:00:00Z,06/13/2025,-1.04,4995.84,Commission,USD,MNQM5
APEX-12345,1005,2025-06-13T17:00:00Z,06/13/2025,-1.04,4994.80,Commission,USD,MNQM5
APEX-12345,1006,2025-06-13T13:00:00Z,06/13/2025,-0.52,4994.28, Commission,USD,MNQM5
APEX-12345,1007,2025-06-13T14:00:00Z,06/13/2025,-0.52,4993.76,Commission,USD,MNQM5
APEX-12345,1008,2025-06-13T15:00:00Z,06/13/2025,-0.52,4993.24,Commission,USD,MNQM5
APEX-12345,1009,2025-06-13T16:00:00Z,06/13/2025,-0.52,4992.72,Commission,USD,MNQM5
APEX-12345,3008,2025-06-13T16:00:01Z,06/13/2025,-1,000.00,4992.72,Trade Paired,USD,MNQM5
APEX-12345,1010,2025-06-13T17:00:00Z,06/13/2025,-0.52,4992.20,Commission,USD,MNQM5
APEX-12345,1011,2025-06-13T13:00:00Z,06/13/2025,-0.52,4991.68,Commission,USD,MNQM5
APEX-12345,1012,2025-06-13T14:00:00Z,06/13/2025,-0.52,4991.16,Commission,USD,MNQM5
APEX-12345,1013,2025-06-13T15:00:00Z,06/13/2025,-0.52,4990.64,Commission,USD,MNQM5
APEX-12345,1014,2025-06-13T16:00:00Z,06/13/2025,-0.52,4990.12,Commission,USD,MNQM5
APEX-12345,1015,2025-06-13T17:00:00Z,06/13/2025,-0.52,4989.60,Commission,USD,MNQM5
APEX-12345,1016,2025-06-13T13:00:00Z,06/13/2025,-0.52,4989.08,Commission,USD,MNQM5
APEX-12345,1017,2025-06-13T14:00:00Z,06/13/2025,-0.52,4988.56,Commission,USD,MNQM5
APEX-12345,1018,2025-06-13T15:00:00Z,06/13/2025,-0.52,4988.04,Commission,USD,MNQM5
APEX-12345,3017,2025-06-13T15:00:01Z,06/13/2025,-1,000.00,4988.04,Trade Paired,USD,MNQM5
APEX-12345,1019,2025-06-13T16:00:00Z,06/13/2025,-0.52,4987.52,Commission,USD,MNQM5
APEX-12345,1020,2025-06-13T17:00:00Z,06/13/2025,-0.52,4987.00,Commission,USD,MNQM5
APEX-12345,1021,2025-06-13T13:00:00Z,06/13/2025,-0.52,4986.48,Commission,USD,MNQM5
APEX-12345,1022,2025-06-13T14:00:00Z,06/13/2025,-0.52,4985.96,Commission,USD,MNQM5
APEX-12345,1023,2025-06-13T15:00:00Z,06/13/2025,-0.52,4985.44,Commission,USD,MNQM5
APEX-12345,1024,2025-06-13T16:00:00Z,06/13/2025,-0.52,4984.92,Commission,USD,MNQM5
APEX-12345,1025,2025-06-13T17:00:00Z,06/13/2025,-0.52,4984.40,Commission,USD,MNQM5
APEX-12345,1026,2025-06-13T13:00:00Z,06/13/2025,-0.52,4983.88,Commission,USD,MNQM5
APEX-12345,1027,2025-06-13T14:00:00Z,06/13/2025,-0.52,4983.36,Commission,USD,MNQM5
APEX-12345,3026,2025-06-13T14:00:01Z,06/13/2025,-1,000.00,4983.36,Trade Paired,USD,MNQM5
APEX-12345,1028,2025-06-13T15:00:00Z,06/13/2025,-0.52,4982.84,Commission,USD,MNQM5
APEX-12345,1029,2025-06-13T16:00:00Z,06/13/2025,-0.52,4982.32,Commission,USD,MNQM5
APEX-12345,1030,2025-06-13T17:00:00Z,06/13/2025,-0.52,4981.80,Commission,USD,MNQM5
APEX-12345,1031,2025-06-13T13:00:00Z,06/13/2025,-0.52,4981.28,Commission,USD,MNQM5
APEX-12345,1032,2025-06-13T14:00:00Z,06/13/2025,-0.52,4980.76,Commission,USD,MNQM5
APEX-12345,1033,2025-06-13T15:00:00Z,06/13/2025,-0.52,4980.24,Commission,USD,MNQM5
APEX-12345,1034,2025-06-13T16:00:00Z,06/13/2025,-0.52,4979.72,Commission,USD,MNQM5
APEX-12345,1035,2025-06-13T17:00:00Z,06/13/2025,-0.52,4979.20,Commission,USD,MNQM5
APEX-12345,1036,2025-06-13T13:00:00Z,06/13/2025,-0.52,4978.68,Commission,USD,MNQM5
APEX-12345,3035,2025-06-13T13:00:01Z,06/13/2025,-1,000.00,4978.68,Trade Paired,USD,MNQM5
APEX-12345,1037,2025-06-13T14:00:00Z,06/13/2025,-0.52,4978.16,Commission,USD,MNQM5
